scenario,requirement,description,new_functionality
Authentication & Identity Management,User Registration Process,Implement a signup system where users can create an account with their email and a secure password. Use a database to store user information securely. Include email verification to confirm the user's email address.,"['Implement password strength validation to ensure users create strong passwords.', 'Provide an option for users to opt-in for newsletter or promotional emails during registration.', 'Enable CAPTCHA to prevent automated bot registrations.']"
Authentication & Identity Management,Multi-Factor Authentication (MFA),"Add an extra layer of security by implementing MFA. After entering a password, require users to verify their identity with a second factor, such as a code sent to their mobile device or an authentication app.","['Offer backup codes that users can store securely for use when their primary authentication method is unavailable.', 'Allow users to select their preferred second factor from a list of supported methods.', 'Notify users via email or SMS whenever a new device is registered using MFA.']"
Authentication & Identity Management,Social Login Integration,"Allow users to register and log in using their existing social media accounts. Implement OAuth 2.0 or a similar protocol to handle authentication with social platforms, retrieving and storing only necessary profile information.","[""Store only the user's email and profile picture from social accounts to minimize data collection."", 'Allow users to disconnect their social media account from the platform if desired.', 'Implement error handling for cases when the social media platform is unreachable.']"
Authentication & Identity Management,Password Reset Functionality,"Create a system for users to securely reset their passwords. Upon requesting a reset, send a link to their registered email. Ensure the link is time-sensitive and capable of validating the user's identity before allowing a password change.","['Require users to answer a security question before sending the password reset email.', 'Log all password reset attempts and notify users of suspicious activities.', 'Allow users to reset their password through a secure on-site form if email access is compromised.']"
Authentication & Identity Management,Role-Based Access Control,Implement authorization by assigning different roles to users. Restrict or grant access to certain parts of the application based on the user's role. Ensure permissions are checked at critical points during application function.,"['Implement an audit log to track access and actions performed by different roles.', 'Provide admins with the ability to create custom roles with specific permissions.', 'Ensure role changes are logged and notified to affected users.']"
Blockchain & Cryptocurrency,Cryptocurrency Payments,"Develop a system to handle transactions using various cryptocurrencies. This involves creating digital wallets, processing payments, and ensuring secure cryptographic transfers over the blockchain network.","['Integrate multiple cryptocurrency options for payment flexibility.', 'Ensure compliance with global financial regulations.', 'Implement multi-factor authentication for enhanced security.']"
Blockchain & Cryptocurrency,Smart Contracts for Supply Chain,"Implement smart contracts to automate and secure transactions across a supply chain. This includes tracking products, verifying authenticity, and streamlining processes through predetermined conditions coded within the contracts.","['Provide real-time updates and notifications to stakeholders.', 'Support integration with existing supply chain management tools.', 'Facilitate audit trails for regulatory compliance and transparency.']"
Blockchain & Cryptocurrency,Decentralized Finance (DeFi) Platform,"Create a decentralized platform allowing users to access financial services such as lending, borrowing, and trading without intermediaries. The platform should utilize blockchain to offer transparency and security.","['Implement risk management protocols to safeguard user investments.', 'Ensure platform interoperability with other blockchain networks.', 'Offer user-friendly interfaces to accommodate various levels of technical expertise.']"
Blockchain & Cryptocurrency,NFT Marketplace,"Develop a marketplace where users can mint, buy, sell, and trade non-fungible tokens. This requires blockchain integration for asset verification, ownership transfer, and secure transactions.","['Enable auction mechanisms for digital assets.', 'Provide tools for creators to customize and manage their NFTs.', 'Ensure scalability to handle high transaction volumes efficiently.']"
Blockchain & Cryptocurrency,Blockchain Identity Verification,Construct a system for digital identity verification using blockchain technology to provide secure and immutable records. This aims to enhance privacy and streamline processes for verifying identities online.,"['Support cross-border identity verification with local compliance.', 'Allow users to control and revoke access to their personal data.', 'Provide integration capabilities with third-party verification services.']"
Cloud Database Services,Migrating to Cloud Database,"Develop a script to migrate an existing on-premise database to a cloud-based, open-source database solution. The script should handle schema transfer, data upload, and integrity checks, ensuring minimal downtime and data consistency.","['Ensure compatibility with target cloud database version.', 'Implement fallback mechanism in case of migration failure.', 'Provide detailed logging for each step of the migration process.']"
Cloud Database Services,Scaling a Cloud Database,Implement a code block that automatically adjusts the resources of a cloud database based on the current load. This includes adding or removing instances and optimizing resource allocation to handle varying workloads efficiently.,"['Integrate with a monitoring tool to predict resource needs beforehand.', 'Include a rollback strategy for scaling failures.', 'Optimize cost by avoiding over-provisioning.']"
Cloud Database Services,Securing a Cloud Database,"Create a configuration script that enforces security best practices for a cloud database. This includes setting up authentication, encryption for data in transit and at rest, role-based access controls, and audit logging.","['Conduct regular security audits and vulnerability assessments.', 'Implement network access controls to restrict database access.', 'Configure automatic updates for security patches.']"
Cloud Database Services,Backing Up Cloud Database,"Write a program that automates the backup process of a cloud database. The program should support scheduling, versioning of backups, and storage in a distributed and secure manner for easy restoration.","['Verify backups with automated integrity checks.', 'Implement differential backups to save storage space.', 'Generate notifications for backup completion and failures.']"
Cloud Database Services,Monitoring and Optimizing Cloud Database Performance,"Design a monitoring solution using open-source tools to track metrics like CPU usage, memory, query performance, and storage of a cloud database. The solution should include alerts for anomalies and suggestions for optimization.","['Provide historical performance data for trend analysis.', 'Enable dynamic threshold adjustments for alerts.', 'Include a dashboard for real-time performance visualization.']"
Cloud Hosting,Deploying a web application,"Use containerization to package the web application. Utilize an orchestration tool to manage the deployment, scaling, and running of the containers across the cloud infrastructure.","['Implement security measures to protect the application and data within containers', 'Configure load balancing to distribute traffic evenly across containers', 'Set up logging and monitoring for application performance and errors']"
Cloud Hosting,Data backup and recovery,Set up a scheduled task that uses an open-source tool to create regular backups of your data and store them in a cloud storage bucket. Implement a monitoring script to ensure the backup tasks complete successfully.,"['Encrypt backups to ensure data security during storage and transfer', 'Test recovery procedures regularly to guarantee data can be restored', 'Implement versioning to manage multiple copies of backups efficiently']"
Cloud Hosting,Hosting a database,Deploy a database system on a virtual machine. Configure automated scaling and integrate monitoring to track performance metrics and handle alerts for optimal database management.,"['Set up regular automated backups of the database', 'Implement encryption for data at rest and in transit', 'Configure role-based access control for database management']"
Cloud Hosting,Content delivery network (CDN) setup,"Install a caching layer in front of your static assets to distribute across multiple geographic locations, ensuring fast load times by serving the content from nodes closer to users.","['Optimize static assets for faster delivery and reduced bandwidth', 'Implement HTTPS to secure the content delivery', 'Monitor CDN performance to ensure optimal content distribution']"
Cloud Hosting,Implementing a CI/CD pipeline,Set up a continuous integration server and configure jobs that automatically build and test your code changes. Implement continuous deployment to push verified code to staging and production environments.,"['Integrate automated security testing into the pipeline', 'Implement rollback procedures for rapid recovery from deployment failures', 'Ensure environment consistency by managing configurations across different stages']"
Container Orchestration,Multi-Cloud Deployment,Deploy containerized applications across multiple cloud environments using a management platform that abstracts cloud-specific configurations.,"['Integrate monitoring tools for cross-cloud performance analysis', 'Implement data synchronization strategies across cloud providers', 'Ensure consistent application versioning across all clouds']"
Container Orchestration,High Availability Setup,Configure redundant and distributed container instances to ensure application uptime and handle failover automatically.,"['Set up load balancing to distribute traffic evenly', 'Implement health checks to detect and recover from failures', 'Configure auto-scaling based on traffic patterns']"
Container Orchestration,Resource Optimization,Allocate and manage container resources dynamically based on real-time application demand to enhance performance and efficiency.,"['Use predictive analytics to forecast resource needs', 'Implement quota management to prevent resource exhaustion', 'Utilize caching strategies to reduce resource consumption']"
Container Orchestration,Continuous Deployment,Implement automated deployment pipelines that update containerized applications across environments without downtime.,"['Run automated integration tests before deployment', 'Implement blue-green deployment strategies to minimize risk', 'Set up automated rollback in case of deployment failures']"
Container Orchestration,Security Enforcement,"Enforce stringent security policies for containers, including network policies, access controls, and vulnerability scanning.","['Implement encryption for data in transit and at rest', 'Conduct regular audits for compliance with security standards', 'Integrate threat detection and response mechanisms']"
Content Moderation & Filtering,Online Forum Moderation,"Implement automated methods to detect and remove inappropriate posts or comments in an online forum setting. This involves using natural language processing to scan for offensive language, spam, or other violations of community guidelines.","['Enable user feedback options for reported content to enhance system accuracy.', 'Implement time-based restrictions to limit repeat violators from posting.', 'Integrate multilingual support to detect inappropriate content in different languages.']"
Content Moderation & Filtering,Social Media Platform,"Develop a system to filter and flag harmful content, including hate speech, harassment, or misinformation, using machine learning algorithms. This also includes prioritizing content for review based on severity and user reports.","['Create a user reputation system to weigh reports based on user credibility.', 'Develop AI algorithms to recognize emerging harmful trends automatically.', 'Offer real-time notifications to users when their content is flagged or removed.']"
Content Moderation & Filtering,E-commerce Review Filtering,Create a solution to identify and moderate fake or deceptive product reviews on an e-commerce platform by analyzing patterns in text data and user behavior to maintain the credibility of genuine customer feedback.,"['Implement a rating analysis tool to detect inconsistent review patterns.', 'Create a verification system to ensure reviewers have purchased the product.', 'Use sentiment analysis to identify overly promotional or biased language.']"
Content Moderation & Filtering,Video Hosting Platform,"Design a content moderation system to automatically detect and manage inappropriate video content, including explicit or violent material, through computer vision techniques and audio analysis.","['Use metadata analysis to identify misleading video titles or descriptions.', 'Implement a scalable solution for real-time live stream monitoring.', 'Develop adaptive learning models to improve detection accuracy over time.']"
Content Moderation & Filtering,News Website Commentary,"Set up a filtering mechanism for reader comments on a news website to identify and manage inflammatory or abusive language, ensuring a respectful and constructive discussion environment.","['Allow editors to pre-approve comments to prevent rule violations.', 'Develop a tool to summarize high-engagement comments for reader context.', 'Create a flagging system for users to suggest new moderation rules.']"
Data Analysis,Sales Performance Analysis,"Analyze historical sales data to identify trends, seasonal patterns, and factors affecting sales using statistical techniques and visualization tools.","['Integrate external market data sources for comprehensive insights.', 'Develop a dashboard for real-time monitoring of sales metrics.', ""Conduct a comparative analysis with competitors' sales data.""]"
Data Analysis,Customer Segmentation,"Use clustering algorithms to group customers based on purchasing behavior, demographics, and other relevant metrics to tailor marketing strategies.","['Incorporate psychographic data for deeper customer insights.', 'Perform a segmentation validation using customer feedback.', 'Create a dynamic segment updating system based on real-time data.']"
Data Analysis,Marketing Campaign Effectiveness,"Evaluate marketing campaign data to measure effectiveness using key performance indicators (KPIs) such as conversion rate, ROI, and customer engagement.","['Analyze the impact of digital marketing channels separately.', 'Implement A/B testing for campaign elements optimization.', 'Use sentiment analysis on customer feedback to gauge campaign reception.']"
Data Analysis,Product Price Optimization,"Apply predictive modeling to assess the impact of price changes on demand and revenue, enabling dynamic pricing strategies for maximum profitability.","['Incorporate competitor pricing analysis in the model.', 'Use machine learning algorithms to predict future demand patterns.', 'Simulate various pricing scenarios to assess potential outcomes.']"
Data Analysis,Operational Efficiency Analysis,"Analyze operational data to identify bottlenecks and inefficiencies, suggesting process improvements to reduce costs and enhance productivity.","['Measure the impact of technology upgrades on efficiency.', 'Benchmark against industry standards to identify performance gaps.', 'Analyze employee performance data to enhance workforce allocation.']"
Data Storage,Cloud Backup System,"Implement functionality to regularly store data backups in a secure, remote storage site accessible over the internet, ensuring data integrity and availability.","['Ensure encryption during data transfer and at rest.', 'Implement automated alerts for backup failures.', 'Provide a user-friendly dashboard for backup management and monitoring.']"
Data Storage,Local Database Management,"Set up and manage a relational or non-relational database on a local server, supporting CRUD operations and ensuring data is properly indexed and optimized for performance.","['Implement robust access control and authentication measures.', 'Set up automated database backups and recovery procedures.', 'Ensure support for real-time data replication and synchronization.']"
Data Storage,Distributed File System,"Establish a file system that manages data across multiple locations and ensures that files are redundantly stored and accessible, optimizing for fault tolerance and speed.","['Implement load balancing to optimize data retrieval times.', 'Ensure compatibility with various operating systems and platforms.', 'Provide an intuitive interface for managing file access and permissions.']"
Data Storage,Data Archiving Solution,"Create a solution that systematically processes and stores infrequently accessed data, ensuring data is retained over long periods with minimal cost and retrieval complexity.","['Implement lifecycle management policies for archived data.', 'Ensure compliance with relevant data retention regulations.', 'Provide indexed search functionality for efficient data retrieval.']"
Data Storage,IoT Data Collection,"Design a system to collect, process, and store streaming data from IoT devices, ensuring timely and reliable data capture for analysis and monitoring.","['Ensure scalability to handle a rapidly growing number of devices.', 'Implement edge computing to process data closer to the source.', 'Provide real-time analytics and visualization capabilities.']"
E-commerce,Product Page Enhancement,"Improve the user interface and user experience by adding dynamic content loading, real-time price updates, and rich product descriptions. Implement AJAX calls to fetch additional product details without reloading the page.","['Implement responsive design to ensure compatibility across various devices and screen sizes.', 'Add video content to enhance product presentations.', 'Include customer reviews and ratings directly on the product page.']"
E-commerce,Shopping Cart Optimization,"Implement client-side caching to preserve the cart state, minimize server requests, and reduce page load times. Ensure seamless updates using AJAX for adding or removing items, and calculate totals dynamically.","['Integrate a persistent cart feature for logged-in users to access their cart across multiple devices.', 'Enable real-time inventory checks to prevent overselling.', 'Implement suggestions for complementary products at checkout.']"
E-commerce,Checkout Process,Create a multi-step checkout process with clear progress indicators. Use server-side validation for data accuracy and implement secure payment processing. Enhance user experience by allowing guest checkouts.,"['Optimize form fields for faster data entry with auto-fill suggestions.', 'Include options for multiple shipping addresses.', 'Provide a summary page before order confirmation to review all details.']"
E-commerce,User Account Management,"Develop functionality for user registration, login, and profile management. Implement server-side authentication and authorization, and manage user session states securely.","['Enable two-factor authentication to increase account security.', 'Allow social media logins for easier access.', 'Provide notifications for login attempts from unrecognized devices.']"
E-commerce,Recommendation Engine,Build a system that analyzes user behavior and preferences to suggest products. Use collaborative filtering and machine learning techniques to generate personalized recommendations for users on the platform.,"['Incorporate real-time user activity analysis to update recommendations instantly.', 'Allow users to customize and refine their recommendation preferences.', 'Integrate seasonal trends and special promotions into the recommendation logic.']"
Email Sending - Email Marketing,Promotional Campaign,"Write code to automatically send promotional emails to a list of subscribers, ensuring that emails are personalized based on customer data and time zone.","['Incorporate A/B testing to determine the most effective email subject lines and content.', 'Ensure compliance with regional data protection and privacy laws.', 'Analyze campaign performance metrics and provide detailed reports.']"
Email Sending - Email Marketing,Welcome Email Series,Create an automated sequence of emails for new subscribers to guide them through your products or services and engage them with valuable content over time.,"['Include a feature to segment new subscribers based on interests.', 'Integrate feedback mechanisms to gather subscriber insights.', 'Allow customization of the email frequency and sequence timing.']"
Email Sending - Email Marketing,Abandoned Cart Recovery,"Implement a system to detect when users abandon their shopping carts and trigger follow-up emails to encourage them to complete their purchases, including personalized product recommendations.","['Include dynamic discount offers to entice users back to the store.', 'Track user behavior after the email to evaluate conversion rates.', 'Implement multi-channel follow-ups including SMS and push notifications.']"
Email Sending - Email Marketing,Newsletter Subscriptions,"Develop a feature to handle new newsletter subscriptions and send a confirmation email to subscribers, along with an option to manage their email preferences.","['Enable integration with social media for easy subscription sharing.', 'Provide analytics on newsletter open rates and user engagement.', 'Allow subscribers to select preferred topics or themes for newsletters.']"
Email Sending - Email Marketing,Event Invitations,"Set up an event invitation email system that sends invites to a list of attendees, with the capability to track RSVPs and send reminders close to the event date.","['Implement real-time updates on RSVP status changes.', 'Include personalized event details based on attendee preferences.', 'Automatically generate follow-up thank you emails after the event.']"
File Storage & Management,Cloud Storage Integration,"Develop a solution to integrate a cloud storage service, enabling seamless file uploads, downloads, and metadata management. Ensure compatibility with APIs for data transfer and synchronization across multiple platforms.","['Ensure offline access and synchronization for intermittent connectivity.', 'Implement data redundancy and backup for disaster recovery.', 'Provide a user-friendly interface with drag-and-drop functionality for file operations.']"
File Storage & Management,File Versioning,"Implement a version control system for files, allowing users to save, track, and restore previous versions. The solution should manage storage efficiently and provide an interface for viewing the version history.","['Enable automatic versioning with customizable intervals.', 'Support annotations and comments on specific versions for collaboration.', 'Offer comparison tools to highlight differences between versions.']"
File Storage & Management,User Access Management,"Create a robust access management system to define and enforce user roles and permissions. This system should handle authentication, authorization, and the delegation of rights to ensure secure file access.","['Integrate multi-factor authentication for enhanced security.', 'Provide audit logs to track and monitor access and changes.', 'Support external identity providers for streamlined user management.']"
File Storage & Management,File Encryption,"Introduce a method to encrypt files both in transit and at rest to protect sensitive data. The solution should support encryption standards and key management, ensuring data integrity and confidentiality.","['Implement automatic decryption for approved applications.', 'Allow users to set custom encryption policies per file or folder.', 'Provide real-time encryption status and error notifications.']"
File Storage & Management,Scalability and Performance,Design a scalable storage architecture to handle increasing data volumes and user demands. Focus on optimizing performance for file operations and maintaining low latency for both small and large-scale file transactions.,"['Incorporate a load balancing mechanism to optimize resource use.', 'Implement caching strategies to enhance read/write performance.', 'Develop predictive analytics to anticipate and manage resource demand.']"
Geolocation & Mapping,Location-Based Advertising,Develop an application that detects user's geographic location and delivers targeted advertisements based on their proximity to nearby businesses. This requires accessing real-time location data and integrating with local business information.,"['Implement customizable user preferences to enhance ad relevance.', 'Ensure data privacy compliance by anonymizing user location data.', 'Enable real-time analytics to measure ad performance and engagement.']"
Geolocation & Mapping,Delivery Route Planning,"Create a system to optimize delivery routes for a fleet of vehicles, taking into account factors like traffic conditions, distances, and delivery priorities. The goal is to minimize travel time and fuel consumption while ensuring timely deliveries.","['Integrate real-time weather data to adjust routes accordingly.', 'Provide a user-friendly interface for drivers to receive route updates.', 'Incorporate feedback from drivers to continuously improve route efficiency.']"
Geolocation & Mapping,Emergency Services,"Implement a solution to provide real-time location tracking for emergency responders, facilitating quick navigation to incident sites. This involves accessing precise location data and integrating with emergency dispatch systems.","['Enable secure communication channels for responders during transit.', 'Provide incident site details and optimal access points for quick response.', 'Ensure system scalability to handle multiple simultaneous emergencies.']"
Geolocation & Mapping,Fitness Tracking,"Design an application that records users' physical activities, such as running or cycling, by tracking their routes and calculating metrics like distance and speed. This requires continuous location monitoring and data analysis.","['Incorporate social sharing features for users to interact and compete.', 'Offer personalized training plans based on tracked performance data.', 'Include offline tracking capabilities to ensure functionality without internet.']"
Geolocation & Mapping,Augmented Reality Navigation,"Build an application that overlays real-world navigation instructions on a live camera feed, guiding users to their destination. This involves using geolocation data and merging it with augmented reality technology to provide immersive navigation experiences.","['Support multi-language instructions for diverse user demographics.', 'Allow for custom map markers and points of interest by users.', 'Ensure seamless integration with wearable AR devices for hands-free guidance.']"
Image Processing,Face Detection,Develop a program to identify and locate human faces within digital images.,"['Implement a feature to track facial movements and expressions over time.', 'Design a method to differentiate between real human faces and photos or masks.', 'Incorporate multi-angle face detection for various camera perspectives.']"
Image Processing,Image Enhancement,"Write code to improve the quality and features of an image by adjusting its brightness, contrast, and sharpness.","['Develop an algorithm to automatically detect and correct red-eye in photos.', 'Include a tool for noise reduction to smooth out grainy images.', 'Allow users to selectively enhance specific areas of an image.']"
Image Processing,Object Recognition,Implement a solution that identifies specific objects within an image and categorizes them accordingly.,"['Provide a confidence score for the accuracy of object identification.', 'Enable the detection and categorization of multiple objects within a single image.', 'Include support for recognizing objects in varying lighting conditions.']"
Image Processing,Image Compression,"Create a function that reduces the file size of an image while maintaining its quality, using techniques such as lossy or lossless compression.","['Develop a feature to compare the original and compressed images side by side.', 'Allow users to specify a target file size for compression.', 'Implement adaptive compression based on image content complexity.']"
Image Processing,Image Segmentation,Design an algorithm to divide an image into multiple parts or regions to simplify analysis or change of representation.,"['Introduce a method to merge similar segments for simplified output.', 'Support real-time segmentation for video streams.', 'Enable interactive editing of segmented regions by users.']"
Machine Learning - AI Model Deployment,Deploying a Web-based Model API,Develop a RESTful API using a web framework. Serve the machine learning model through an endpoint that accepts input data and returns predictions. Ensure the API can handle concurrent requests and includes error handling.,"['Implement authentication and authorization for securing access to the API.', 'Include versioning to manage updates and backward compatibility.', 'Log requests and responses for audit and debugging purposes.']"
Machine Learning - AI Model Deployment,Deploying on a Cloud Platform,Package the machine learning model and dependencies using a containerization tool. Deploy the container to a cloud service that supports container orchestration. Set up monitoring and scaling rules to adjust to varying loads.,"['Implement automated backups and recovery mechanisms for model data.', 'Set up alerting systems for performance and cost monitoring.', 'Ensure compliance with data privacy regulations and best practices.']"
Machine Learning - AI Model Deployment,Deploying on Edge Devices,Optimize the machine learning model for resource-constrained environments. Develop a lightweight application that loads and runs the model inference on edge hardware like GPUs. Ensure minimal latency and offline functionality.,"['Regularly update the model without disrupting the edge device functionality.', 'Include a mechanism to collect and aggregate data for model improvement.', 'Ensure the application supports multi-threading for optimal performance.']"
Machine Learning - AI Model Deployment,Deploying in a Mobile Application,Convert the machine learning model into a format compatible with mobile devices. Integrate the converted model within a mobile application framework. Ensure the application efficiently uses device resources and provides real-time predictions.,"['Implement a fallback mechanism for predictions when offline.', 'Ensure compatibility across multiple OS versions and devices.', 'Provide a user-friendly interface for monitoring model predictions.']"
Natural Language Processing,Sentiment Analysis,"Analyze a text to determine the sentiment or emotional tone, such as positive, negative, or neutral.","['Handle sarcasm and irony detection accurately in text', 'Support multiple languages for sentiment assessment', 'Provide a confidence score for the determined sentiment']"
Natural Language Processing,Chatbot Development,Create an interactive system that can understand user input and respond conversationally.,"['Maintain conversational context across multiple interactions', 'Integrate learning capabilities to improve responses over time', 'Support voice-based interactions along with text input']"
Natural Language Processing,Named Entity Recognition (NER),"Identify and classify key entities in text like names, dates, and organizations.","['Differentiate between entities with similar names using context', 'Support customization for domain-specific entities', 'Handle nested entities within the same sentence effectively']"
Natural Language Processing,Machine Translation,"Automatically translate text from one language to another, preserving meaning.","['Support translation for specialized industry-specific jargon', 'Maintain original text formatting in the translated output', 'Enable real-time translation with minimal latency']"
Natural Language Processing,Text Summarization,"Produce a concise, coherent summary of a longer text document.","['Include key points from each section of the document', 'Preserve important factual information without distortion', 'Allow customization of summary length based on user needs']"
OCR (Optical Character Recognition),Invoice Processing,"Extracts and digitizes text from scanned or photographed invoices, capturing details such as item descriptions, prices, invoice numbers, dates, and vendor information for easy data management and integration.","['Automatically categorize expenses based on recognized patterns.', 'Integrate with accounting systems for seamless data transfer.', 'Validate extracted data against predefined business rules.']"
OCR (Optical Character Recognition),License Plate Recognition,"Detects and reads license plate numbers from vehicle images or videos, enabling applications such as automated toll collection, parking management, and security monitoring.","['Identify vehicle make and model using integrated databases.', 'Track entry and exit timestamps for vehicles in real-time.', 'Offer integration with law enforcement databases for alerts.']"
OCR (Optical Character Recognition),Handwriting Recognition,"Interprets and converts handwritten text from images or digital input into machine-readable text, applicable in note-taking apps, postal mail sorting, and form digitization.","['Support mixed input of typed and handwritten text.', 'Adaptive learning to improve accuracy over time.', 'Handle cursive and printed handwriting styles effectively.']"
OCR (Optical Character Recognition),Identity Card Recognition,"Extracts personal information from identity cards by recognizing and digitizing text such as names, birthdates, addresses, and identification numbers for verification and authentication purposes.","['Detect holographic features to prevent forgery.', 'Handle variations in card layouts across different regions.', 'Offer integration with biometric data for enhanced security.']"
Payment Processing,Credit Card Payment,"Implement a system to process payments using credit cards securely. Ensure compliance with industry standards and handle transactions, verifications, and confirmations.","['Implement two-factor authentication for added security.', 'Support for detailed transaction history and reporting.', 'Include real-time fraud detection and alert system.']"
Payment Processing,Recurring Payments,Develop functionality that allows users to set up automatic payments on a regular schedule. Include options for users to manage their subscriptions and cancel if needed.,"['Allow modification of payment schedules and amounts.', 'Provide notification reminders before upcoming payments.', 'Enable support for multiple subscription models and plans.']"
Payment Processing,Mobile Payment Integration,"Create an interface to integrate payment features within mobile applications, supporting mobile wallets and ensuring seamless and secure transactions.","['Ensure compatibility with various mobile platforms and devices.', 'Facilitate biometric authentication for user verification.', 'Offer a streamlined user interface for ease of use.']"
Payment Processing,International Payments,"Enable the processing of payments across different countries, handling various currencies, and ensuring compliance with international financial regulations.","['Integrate with local banking systems for improved accessibility.', 'Support for language and localization adjustments.', 'Provide options for users to view and lock conversion rates.']"
Payment Processing,Refund Processing,"Design a system to manage and process refunds efficiently, allowing users to request refunds and ensuring timely updates to their payment records.","['Automate the approval workflow for refund requests.', 'Provide a dashboard for tracking the status of refunds.', 'Ensure refund process complies with user protection regulations.']"
Push Notifications,New Message Alert,"Trigger a notification when a new message is received in the app, displaying the sender and a snippet of the message.","['Allow users to customize notification sounds for new messages.', 'Provide an option to reply directly from the notification.', 'Include an option to mark the message as read from the notification panel.']"
Push Notifications,App Update Available,Send a notification to inform users about a new version of the app with improvements and bug fixes.,"['Allow users to see a summary of new features and fixes before updating.', 'Provide an option to snooze the notification for a later reminder.', 'Ensure compatibility information is included, such as device or OS requirements.']"
Push Notifications,Event Reminder,"Notify users about an upcoming event they are subscribed to, including the event time and details.","['Enable users to set a custom reminder time before the event.', 'Include a link to event details or location in the notification.', 'Give the option to share the event details with others directly from the notification.']"
Push Notifications,Security Alert,"Dispatch an urgent notification when there is a potential security issue with the user's account, prompting a password change.","['Provide a way to verify if the alert is legitimate within the app.', 'Include a contact option for further assistance if the user suspects a breach.', 'Offer guidelines on creating a strong password as part of the alert.']"
Push Notifications,Promotion Alert,"Push a notification about a promotional offer or discount available for a limited time, encouraging immediate action.","['Allow users to directly access the promotion or discount page from the notification.', 'Provide an option to save the promotion for later viewing within the app.', 'Include a countdown timer indicating the time left for the promotional offer.']"
Serverless Deployment,Image Processing Service,"Set up a function to process and analyze images upon receipt through an HTTP trigger, utilizing an open-source image handling library for tasks such as resizing and filtering.","['Ensure the processing function is scalable to handle a high volume of image requests simultaneously.', 'Implement logging to monitor the success and failure of image processing tasks.', 'Add error handling to manage unsupported image formats gracefully.']"
Serverless Deployment,Real-time Data Processing,"Implement a real-time event-driven function that processes data feeds as they arrive, using an open-source platform for handling data streams and applying transformations.","['Integrate a mechanism to alert on failure or delay in data processing tasks.', 'Ensure the function can handle and prioritize different types of data streams.', 'Incorporate caching for frequently accessed data transformations to improve performance.']"
Serverless Deployment,Scheduled Report Generation,"Create a time-triggered function that generates reports on a scheduled basis, pulling data from a database and formatting it into a document using a suitable library for report generation.","['Allow dynamic scheduling changes without redeploying the function.', 'Implement a notification system to alert users when reports are generated.', 'Provide options to export reports in multiple formats such as PDF and CSV.']"
Serverless Deployment,Webhook Receiver,"Develop a function that listens for incoming webhooks at a defined endpoint, parses the payload, and stores the relevant data into a database for further processing.","['Validate incoming webhook requests for authenticity and integrity.', 'Implement retries for any failed attempts to store data in the database.', 'Design the function to handle multiple webhook formats for broader compatibility.']"
Serverless Deployment,Chatbot Backend Processing,"Construct a backend function to handle chatbot requests, interfacing with a machine learning model to generate responses based on user inputs.","[""Optimize the function's response time for better user experience."", 'Enable logging to track interactions and improve conversational accuracy.', 'Ensure the function is capable of scaling to manage increased chat traffic.']"
SMS & Communication APIs,Two-Factor Authentication,"Implement a feature that sends a verification code to users via SMS when they attempt to log in, ensuring that access is only granted after the correct code is entered.","['Ensure the ability to generate a unique and random verification code each time a request is made.', 'Implement a timeout for the verification code to expire after a certain duration for security.', 'Provide options to resend the verification code if the user does not receive it initially.']"
SMS & Communication APIs,Appointment Reminders,"Develop a system that automatically sends SMS reminders to customers about their upcoming appointments, helping to reduce no-shows and improve schedule management.","['Allow users to customize the timing of reminder messages based on their preferences.', 'Enable integration with calendar services for automatic scheduling and reminders.', 'Offer the ability to confirm or reschedule appointments via a reply to the SMS.']"
SMS & Communication APIs,Marketing Campaigns,"Create a solution that allows businesses to send promotional messages and special offers to a list of subscribers via SMS, enhancing customer engagement and driving sales.","['Support scheduling of messages to optimize delivery times.', 'Track and analyze the effectiveness of campaigns with metrics and reports.', 'Enable personalization in messages to address recipients by name and other attributes.']"
SMS & Communication APIs,Customer Support Notifications,"Build functionality to notify customers via SMS about updates or resolutions to their support inquiries, keeping them informed throughout the customer service process.","['Allow customers to choose how often they receive updates on their inquiry status.', 'Include a summary of the current status or resolution details in the message.', 'Provide a direct link or contact method in the SMS for immediate customer follow-up.']"
SMS & Communication APIs,Order Shipment Updates,"Design a service that sends real-time SMS updates to customers about the status and tracking of their orders, providing transparency and improving customer satisfaction.","['Offer opt-in features for customers who wish to receive shipment updates via SMS.', 'Include estimated delivery times and any potential delays in the messages.', 'Provide a link to track the package in real-time within the SMS notification.']"
Social Media Integration,User Authentication via Social Media,"Implement a system that allows users to log in using their social media accounts. This involves redirecting users to the social media platform's OAuth page, receiving an access token, and retrieving user information to create or update user profiles in your application.","['Ensure secure storage and encryption of access tokens.', 'Allow users to disconnect their social media account from the app.', 'Support multiple social media platforms for authentication.']"
Social Media Integration,Social Media Feed Integration,"Develop functionality to display a user's social media feed within your application. This requires fetching data from the social media API endpoints and rendering posts, images, or videos in a structured format.","['Enable filtering of feed content based on user preferences.', 'Provide real-time updates to the feed display.', 'Include the ability for users to interact with the feed, such as liking or commenting.']"
Social Media Integration,Content Sharing to Social Platforms,"Create a feature that enables users to share content directly from your application to their social media accounts. This involves setting up permissions, crafting the content format, and using social media APIs to post on behalf of users.","['Allow users to customize messages before sharing.', 'Provide a preview of the content before it is posted.', 'Support multiple social media platforms for sharing content.']"
Social Media Integration,Social Media Analytics Dashboard,"Design a dashboard that aggregates and displays analytics data from various social media platforms. This includes visualizations such as graphs or charts that represent user engagement, follower growth, and post performance metrics.","['Include options to export data in various formats.', 'Implement custom date range filters for analytics data.', 'Provide benchmarking tools to compare performance metrics.']"
Social Media Integration,Social Media Automated Posting,"Implement a scheduler that automates the posting of content to social media accounts at predefined times. This requires setting up a job queue, managing post contents, and leveraging social media APIs to handle the posting process.","['Include a calendar view to visualize scheduled posts.', 'Support for editing scheduled posts before they are published.', 'Notify users of successful or failed postings.']"
Speech Recognition,Voice Command for Smart Home,"Create a program that listens for specific voice commands to control various smart home devices, such as lights, thermostat, and security systems, by processing and recognizing spoken instructions.","['Enable natural language understanding for handling varied phrasing of commands.', ""Include multi-user recognition to personalize device settings based on the user's voice."", 'Implement offline functionality for basic command processing without internet access.']"
Speech Recognition,Transcribing Meetings,"Develop a tool that captures and transcribes spoken dialogue from meetings into written text, enabling easy search, reference, and record-keeping of the discussed topics and decisions.","['Support speaker identification to attribute transcriptions to the correct participants.', 'Integrate language translation to transcribe meetings held in multiple languages.', 'Provide real-time transcription display for participants during the meeting.']"
Speech Recognition,Automated Customer Support,"Implement a voice-based automated support system that can recognize and respond to customer inquiries by processing spoken language, providing solutions, and routing more complex issues to human agents if needed.","['Incorporate sentiment analysis to detect customer emotions during interactions.', 'Enable multilingual support to cater to diverse customer bases.', 'Provide analytics on customer interactions to improve service and response accuracy.']"
Speech Recognition,Voice Controlled Virtual Assistants,"Build an application that allows users to interact with a virtual assistant through voice commands, enabling tasks like setting reminders, searching for information, and managing schedules without manual input.","['Enable integration with third-party applications for expanded functionality.', 'Support adaptive learning to improve accuracy based on user interactions.', 'Offer personalized suggestions based on user habits and preferences.']"
Speech Recognition,Captioning for Videos,"Design a system that automatically generates text captions for audio content in videos, ensuring accessibility and improved understanding for viewers, regardless of hearing ability or language background.","['Allow users to manually edit and correct automatically generated captions.', 'Support multiple languages for multilingual video content.', 'Enable synchronization of captions with different audio tracks or versions of a video.']"
Text-to-Speech,E-Learning Application,Convert educational content into speech to enhance user engagement and facilitate learning for audio-based users.,"['Allow customization of voice settings for different learning styles.', 'Integrate with quiz modules to read questions and answers aloud.', 'Support multiple languages to cater to diverse learners.']"
Text-to-Speech,Customer Service Bot,"Provide voice responses to customer queries, creating a more interactive and accessible customer service experience.","['Provide real-time translation of customer inquiries and responses.', 'Integrate with CRM systems to retrieve and deliver personalized information.', 'Enable recording and playback options for important interactions.']"
Text-to-Speech,Accessibility Tool for Visually Impaired,Read out text content from websites and documents to aid visually impaired users in accessing information.,"['Offer adjustable speech speed for user comfort.', 'Support for extracting and reading embedded text from images.', 'Provide contextual descriptions for better understanding.']"
Text-to-Speech,Voice-Enabled Navigation System,Offer spoken directions and informational updates for users to improve hands-free navigation experiences.,"['Integrate with public transportation schedules for route planning.', 'Offer real-time traffic updates and alternative route suggestions.', 'Provide offline functionality for areas with poor connectivity.']"
Text-to-Speech,Interactive Storytelling App,"Narrate stories dynamically, allowing users to engage auditorily with interactive storytelling elements.","['Allow users to select different story paths via voice command.', 'Incorporate character voices and sound effects for immersive experiences.', 'Enable bookmarking to resume storytelling from the last point.']"
Translation,Real-time language translation app,Develop an application that listens to user input in one language and provides audio or text output in the target language instantly.,"['Ensure low-latency processing to provide immediate feedback during real-time conversations.', 'Incorporate voice recognition for accents and dialects to improve accuracy.', 'Allow users to download language packs for offline use.']"
Translation,Multilingual support for a website,"Integrate a feature into a website that allows users to select their preferred language, translating all website content accordingly for a seamless user experience.","['Implement automatic language detection based on user location or browser settings.', 'Include a glossary feature for specialized terms to maintain consistency.', 'Regularly update translations to reflect changes in content.']"
Translation,Subtitle translation for videos,"Create a tool that takes subtitle files in one language and translates them into another, ensuring accurate timing and context for the translated text.","['Enable batch processing for multiple subtitle files simultaneously.', 'Provide an editing interface for manual adjustments post-translation.', 'Support various subtitle formats to increase compatibility.']"
Translation,Document translation service,Build a service that takes documents in various formats and translates the entire content while maintaining the original layout and formatting.,"['Incorporate a feature to track changes and revisions in translated documents.', 'Provide integration options with cloud storage for document retrieval.', 'Offer an AI-based proofreading tool to ensure translation quality.']"
Translation,Localizing a mobile app,"Adapt an existing mobile application to cater to different languages and cultural contexts, including translating text and adjusting graphical elements as needed.","['Adjust date, time, and currency formats according to regional settings.', 'Enable feedback collection for continuous improvement of localization quality.', 'Support right-to-left language text layout adjustments.']"
Video Processing,Video Compression,"Implement a method to reduce video file size while maintaining acceptable quality using techniques such as adjusting bitrate, resolution, and codec.","['Incorporate variable bitrate encoding to optimize data rate for different content types.', 'Implement batching to process multiple videos simultaneously for large-scale operations.', 'Provide a user interface for custom quality settings adjustments.']"
Video Processing,Video Transcoding,"Create a process to convert video files from one format to another to ensure compatibility across various devices and platforms, using different encoding settings.","['Support batch transcoding for efficiency in handling multiple files at once.', 'Integrate subtitle embedding during transcoding to maintain accessibility.', 'Allow users to specify desired output resolution and frame rate.']"
Video Processing,Video Stabilization,"Develop a technique to remove shaking and jitter from video footage, resulting in a smoother and more visually appealing output.","['Implement real-time stabilization for live video feeds.', 'Preserve audio synchronization during stabilization process.', 'Offer user controls for stabilization intensity.']"
Video Processing,Video Enhancement,"Apply filters and adjustments to improve video quality by enhancing aspects like color correction, brightness, contrast, and sharpness.","['Include noise reduction to enhance video clarity.', 'Support HDR conversion to improve dynamic range.', 'Provide adaptive scaling for resolution enhancement.']"
Video Processing,Video Watermarking,Design a method to apply a transparent or opaque watermark to video content to protect intellectual property while minimally affecting viewer experience.,"['Allow batch processing for adding watermarks to multiple videos.', 'Offer location customization for the watermark placement.', 'Include timestamping functionality as an optional watermark element.']"
Video Streaming & Hosting,Live Streaming Integration,"Develop a live streaming feature using open-source tools, allowing real-time video broadcast with capabilities for multiple concurrent streams and adaptable resolution settings.","['Enable real-time chat functionalities for live audience interaction.', 'Implement latency management to ensure smooth streaming with minimal delay.', 'Provide compatibility with various streaming hardware and software encoders.']"
Video Streaming & Hosting,Video on Demand Platform,"Create a platform utilizing open-source libraries that supports uploading, categorizing, and viewing pre-recorded videos with adaptive bitrate streaming.","['Support multi-language subtitles and audio tracks for diverse viewer preferences.', 'Include playlist creation feature for continuous video playback.', 'Implement secure video uploading with progress tracking and resumable uploads.']"
Video Streaming & Hosting,User-Generated Content Hosting,"Implement a system that enables users to upload and share their videos, incorporating moderation tools and user profile management using open technologies.","['Provide a reporting and flagging system for inappropriate content.', 'Enable user-defined privacy settings for uploaded videos.', 'Implement a recommendation algorithm to suggest relevant user content.']"
Video Streaming & Hosting,Video Analytics Dashboard,"Set up a comprehensive dashboard using open-source analytics tools to track video views, audience engagement, and retention rates, with customizable reporting features.","['Incorporate real-time monitoring for active streams and videos.', 'Allow data export options in various formats for external analysis.', 'Provide insights into demographic data of viewers for targeted content strategies.']"
Video Streaming & Hosting,Interactive Video Features,"Integrate interactive elements into video content, such as quizzes, annotations, and clickable links, using open-source frameworks that enhance user engagement and participation.","['Enable branching scenarios within videos for choose-your-own-adventure style content.', 'Support real-time feedback collection embedded directly in the video.', 'Facilitate integration with Learning Management Systems for educational purposes.']"
Voice & Video Communication,Video Conference Application,"Build a real-time video conferencing solution using open-source protocols for seamless video and audio communication over the internet, with features like participant management, screen sharing, and chat.","['Incorporate virtual backgrounds and video filters for privacy and personalization.', 'Enable integration with third-party calendar services for automated scheduling and reminders.', 'Provide end-to-end encryption to ensure secure communication between participants.']"
Voice & Video Communication,Voice Chat in Gaming,"Implement a low-latency voice communication system suitable for multiplayer gaming, allowing players to speak with each other in real-time, with functionalities for push-to-talk and background noise suppression.","['Incorporate 3D positional audio for more immersive gaming experiences.', 'Allow customizable user voice profiles to distinguish between different players easily.', 'Implement a voice activity detection system to eliminate unnecessary noise transmission.']"
Voice & Video Communication,Virtual Customer Support,"Create a virtual customer support platform integrating voice communication, enabling support agents to handle customer queries through real-time voice calls and providing features like call recording and voice analytics.","['Enable integration with CRM software for streamlined customer data access during calls.', 'Provide real-time text transcription for accessibility and post-call review.', 'Implement intelligent call routing based on customer queries and agent expertise.']"
Voice & Video Communication,Telemedicine Platform,"Design a secure telemedicine system that enables healthcare providers and patients to communicate via video calls, ensuring confidentiality and providing features for appointment scheduling and medical record sharing.","['Enable device compatibility check before consultations to prevent technical issues.', 'Integrate with pharmacy services for prescription management and fulfillment.', 'Offer multi-language support to cater to a diverse patient base.']"
Weather Data,Real-time Weather Dashboard,"Develop a system that fetches and displays live weather data, including temperature, humidity, and wind speed, in a dashboard format for immediate user interaction.","['Integrate multiple data sources to ensure coverage of different geographic locations.', 'Include a feature for users to customize the dashboard layout according to preference.', 'Provide real-time alerts for sudden changes in weather conditions.']"
Weather Data,Historical Weather Analysis,"Create a program to retrieve and analyze weather data over a specific period. This should include the ability to visualize trends and patterns in temperature, precipitation, and other weather variables.","['Enable export of analyzed data in various file formats for external use.', 'Support interactive comparison of weather data across different years or regions.', 'Incorporate machine learning models to predict future trends based on historical data.']"
Weather Data,Weather Alerts System,Implement an application that monitors weather conditions in real-time and sends notifications to users when severe weather is detected or forecasted.,"['Allow users to set custom alert thresholds for specific weather conditions.', 'Provide multilingual support for alerts to cater to diverse user bases.', 'Offer integration with social media platforms for wider alert dissemination.']"
Weather Data,Weather-based Event Planner,Develop a tool that helps users schedule events by providing weather forecasts and suggesting optimal times based on predicted conditions.,"['Incorporate a calendar synchronization feature to integrate with existing scheduling apps.', 'Include a recommendation engine to propose alternative dates based on weather predictions.', 'Provide detailed reports on predicted weather impacts for events.']"
Weather Data,Agricultural Weather Advisory,"Build an advisory application for farmers, delivering tailored weather forecasts and recommendations to optimize planting, harvesting, and protection of crops.","['Include historical crop yield data to enhance prediction accuracy.', 'Offer region-specific advice based on localized weather patterns.', 'Integrate with existing farm management software to streamline operations.']"
Web Hosting & Deployment,Deploying a Static Website,Use a version control system to push your static website files to a repository. Initiate a continuous deployment pipeline to transfer these files to an open-source web server. Make sure to configure the web server to serve static content.,"['Implement HTTPS for secure data transmission.', 'Set up a CDN to improve content delivery speed.', 'Enable caching mechanisms to optimize load times.']"
Web Hosting & Deployment,Deploying a Django Application,Prepare your Django application for deployment by creating a 'settings' configuration suitable for production. Use a containerization tool to build your application container. Deploy this container behind a web server to handle requests and serve your application.,"['Integrate a caching system to improve application performance.', 'Implement database migrations to handle schema changes safely.', 'Set up monitoring tools to track application performance and errors.']"
Web Hosting & Deployment,Launching a WordPress Site,Setup a LAMP or LEMP stack using open-source tools to serve your WordPress site. Use an open-source database to store your WordPress data and ensure server configurations allow WordPress installations and updates.,"['Configure regular backups of the WordPress database.', 'Set up security measures to protect against common vulnerabilities.', 'Implement a content delivery network (CDN) for faster asset delivery.']"
Data Visualization,Customer Segmentation Analysis,Analyze customer data to group individuals with similar characteristics for targeted marketing strategies. Use clustering algorithms to find key segments and visualize these segments to gain insights into customer behaviors.,"['Incorporate demographic data such as age and income to refine customer segments.', 'Implement a feedback loop to continuously update segments based on new data.', 'Validate the effectiveness of segments through A/B testing with marketing campaigns.']"
Data Visualization,Sales Trend Forecasting,Develop models to predict future sales trends based on historical sales data. Implement time series analysis to identify patterns and visualize the sales trajectory for informed decision-making.,"['Incorporate external factors such as economic indicators and seasonality into forecasts.', 'Use real-time data streams to continuously update sales forecasts.', 'Perform scenario analysis to assess the impact of different strategies on sales outcomes.']"
Data Visualization,Website Traffic Analysis,"Examine website traffic data to understand visitor behavior. Use statistical techniques to identify peak traffic times, user demographics, and engagement metrics. Create visualizations to present these insights clearly.","['Identify and track the sources of website traffic to understand the effectiveness of marketing channels.', 'Analyze the conversion rates of different user segments to improve website design.', 'Set up anomaly detection to identify unusual spikes or drops in traffic.']"
Data Visualization,Social Media Sentiment Analysis,"Analyze social media posts and comments to determine public sentiment about a brand or product. Use natural language processing to identify positive, negative, or neutral sentiments and visualize sentiment trends over time.","['Analyze competitor sentiment to benchmark brand perception.', 'Identify key influencers and track their impact on public sentiment.', 'Monitor sentiment during specific campaigns or events for dynamic insights.']"
Data Visualization,Product Recommendation System,Build a system to suggest products to customers based on their past behavior and preferences. Use collaborative filtering and other recommendation algorithms to analyze user data and generate personalized product recommendations.,"['Integrate real-time user interaction data to improve recommendation accuracy.', 'Evaluate the impact of recommendations on sales and customer satisfaction.', 'Incorporate contextual information such as location and time to personalize suggestions.']"
